<?xml version="1.0" encoding="UTF-8"?>
<project-private xmlns="http://www.netbeans.org/ns/project-private/1">
    <editor-bookmarks xmlns="http://www.netbeans.org/ns/editor-bookmarks/2" lastBookmarkId="0"/>
    <open-files xmlns="http://www.netbeans.org/ns/projectui-open-files/2">
        <group>
            <file>file:/C:/Users/profesor/distancia/dwes/dwes_fuentes/DAW_DWES08/codigo/dwes08_repartos/composer.json</file>
            <file>file:/C:/Users/profesor/distancia/dwes/dwes_fuentes/DAW_DWES08/codigo/dwes08_repartos/src/DAO/ListaRepartoDao.php</file>
            <file>file:/C:/Users/profesor/distancia/dwes/dwes_fuentes/DAW_DWES08/codigo/dwes08_repartos/public/js/mapa.js</file>
            <file>file:/C:/Users/profesor/distancia/dwes/dwes_fuentes/DAW_DWES08/codigo/dwes08_repartos/public/index.php</file>
            <file>file:/C:/Users/profesor/distancia/dwes/dwes_fuentes/DAW_DWES08/codigo/dwes08_repartos/views/repartos.blade.php</file>
            <file>file:/C:/Users/profesor/distancia/dwes/dwes_fuentes/DAW_DWES08/codigo/dwes08_repartos/views/form-reparto.blade.php</file>
        </group>
    </open-files>
</project-private>
